INSERT INTO fgproduct.product_category (id, name, description)
VALUES (1, 'Fresh Fish', 'Fresh Fish items');

INSERT INTO fgproduct.product_category (id, name, description)
VALUES (2, 'Live Fish', 'Live Fish Items');

INSERT INTO fgproduct.product_category (id, name, description)
VALUES (3, 'Goat', 'Goat products');

INSERT INTO fgproduct.product_category (id, name, description)
VALUES (4, 'Chicken', 'Chicken products');

INSERT INTO fgproduct.products (id, name, description, category_id)
VALUES (1, 'King Fish Steak', 'King Fish cut into pieces', 1);

INSERT INTO fgproduct.products (id, name, description, category_id)
VALUES (2, 'Prawns', 'Large Prawns - Farmed', 1);

INSERT INTO fgproduct.products (id, name, description, category_id)
VALUES (3, 'Tilapia', 'Tilpia', 1);

INSERT INTO fgproduct.products (id, name, description, category_id)
VALUES (4, 'Sardines', 'Sardines- Large', 1);

INSERT INTO fgproduct.products (id, name, description, category_id)
VALUES (5, 'Black Pomfret', 'Black Pomfret', 1);

INSERT INTO fgproduct.products (id, name, description, category_id)
VALUES (6, 'Norwegian Salmon', 'Imported Salmon', 1);

INSERT INTO fgproduct.products (id, name, description, category_id)
VALUES (7, 'Mackerel', 'Large Mackerel', 1);


INSERT INTO fgproduct.products (id, name, description, category_id)
VALUES (8, 'Live Lobster 700Gm-800Gm', 'Live lobster, imported from Canada', 2);

INSERT INTO fgproduct.products (id, name, description, category_id)
VALUES (9, 'Live Lobster 800Gm-900Gm', 'Live lobster, imported from Canada', 2);

INSERT INTO fgproduct.products (id, name, description, category_id)
VALUES (10, 'Blue Mussels Live (Australia)', 'Blue Mussels imported from Australia', 2);

INSERT INTO fgproduct.products (id, name, description, category_id)
VALUES (11, 'Mussels Live - Extra (Holland)', 'Mussels imported from Holland', 2);


INSERT INTO fgproduct.products (id, name, description, category_id)
VALUES (12, 'Mutton Shoulder (India)', 'Indian Mutton Shoulder', 3);

INSERT INTO fgproduct.products (id, name, description, category_id)
VALUES (13, 'Mutton Leg (India)', 'Indian Mutton Shoulder', 3);

INSERT INTO fgproduct.products (id, name, description, category_id)
VALUES (14, 'Pakistani Mutton', 'Mutton imported from Pakistan', 3);

INSERT INTO fgproduct.products (id, name, description, category_id)
VALUES (15, 'Ethiopian Mutton', 'Mutton imported from Ethiopia', 3);


INSERT INTO fgproduct.products (id, name, description, category_id)
VALUES (16, 'Fresh Whole Chicken', 'Halal Fresh chicken', 4);

INSERT INTO fgproduct.products (id, name, description, category_id)
VALUES (17, 'Fresh Chicken Drum Sticks', 'Halal fresh chicken legs', 4);

INSERT INTO fgproduct.products (id, name, description, category_id)
VALUES (18, 'Fresh Chicken Breast', 'Halal fresh chicken breast', 4);

INSERT INTO fgproduct.products (id, name, description, category_id)
VALUES (19, 'Fresh Chicken Leg Quarters', 'Halal fresh chicken leg quarters', 4);

INSERT INTO fgproduct.products (id, name, description, category_id)
VALUES (20, 'Fresh chicken wings', 'Halal fresh chicken wings', 4);


INSERT INTO fgproduct.product_price (product_id, price) VALUES (1, 10.99);
INSERT INTO fgproduct.product_price (product_id, price) VALUES (2, 9.99);
INSERT INTO fgproduct.product_price (product_id, price) VALUES (3, 8.99);
INSERT INTO fgproduct.product_price (product_id, price) VALUES (4, 5.99);
INSERT INTO fgproduct.product_price (product_id, price) VALUES (5, 6.99);
INSERT INTO fgproduct.product_price (product_id, price) VALUES (6, 2.99);
INSERT INTO fgproduct.product_price (product_id, price) VALUES (7, 8.99);
INSERT INTO fgproduct.product_price (product_id, price) VALUES (8, 7.99);
INSERT INTO fgproduct.product_price (product_id, price) VALUES (9, 11.99);
INSERT INTO fgproduct.product_price (product_id, price) VALUES (10, 12.99);
INSERT INTO fgproduct.product_price (product_id, price) VALUES (11, 1.99);
INSERT INTO fgproduct.product_price (product_id, price) VALUES (12, 5.99);
INSERT INTO fgproduct.product_price (product_id, price) VALUES (13, 5.99);
INSERT INTO fgproduct.product_price (product_id, price) VALUES (14, 3.99);
INSERT INTO fgproduct.product_price (product_id, price) VALUES (15, 10.99);
INSERT INTO fgproduct.product_price (product_id, price) VALUES (16, 8.99);
INSERT INTO fgproduct.product_price (product_id, price) VALUES (17, 7.99);
INSERT INTO fgproduct.product_price (product_id, price) VALUES (18, 7.99);
INSERT INTO fgproduct.product_price (product_id, price) VALUES (19, 6.99);
INSERT INTO fgproduct.product_price (product_id, price) VALUES (20, 1.99);
